{
    "swagger": "2.0",
    "info": {
      "version": "1.0.0",
      "title": "BiGig application",
      "license": {
        "name": "Moreyeahs"
      }
    },

    "host": "dev-user.begig.io",
    "basePath": "/api/v1/",
    "schemes": [
      "http",
      "https"
    ],

    "consumes": [
      "application/json"
    ],

    "produces": [
      "application/json"
    ],

    "securityDefinitions":{
      "APIKeyHeader" :{
        "type": "apiKey",
        "in": "header",
        "name": "Authorization"
      }
    },

    "security": [
      {
        "APIKeyHeader": []
      }
    ],

    "paths": {

      "/user/social/login": {
        "post": {
          "summary": "Social login user",
          "tags": [
            "Users"
          ],
          "description": "Social login user",
          "parameters": [
            {
              "name": "Social login",
              "in": "body",
              "description": "Social login user",
              "schema": {
                "properties": {
                  "social_id": {
                    "type": "string"
                  },
                  "social_id_type": {
                    "type": "string"
                  },
                  "email": {
                    "type": "string"
                  }
                }
              }
            }
          ],
          "produces": [
            "application/json"
          ],
          "responses": {
            "207": {
              "description": "Your profile is incomplete"
            },
            "500": {
              "description": "Somthing went wrong"
            },
            "203": {
              "description": "You are temprory block"
            },
            "206": {
              "description": "Your profile is not approved by admin"
            },
            "200": {
              "description": "Login successfully"
            }
          }
        }
      },

      "/user/social/singup": {
        "post": {
          "summary": "Socali singup user",
          "tags": [
            "Users"
          ],
          "description": "Socali singup user. pass any key value pair in meta object if want to store more information about user",
          "parameters": [
            {
              "name": "Socali_singup",
              "in": "body",
              "description": "",
              "schema": {
                "properties": {
                  "socail_id": {
                    "type": "string"
                  },
                  "social_id_type": {
                    "type": "string"
                  },
                  "first_name": {
                    "type": "string"
                  },
                  "last_name": {
                    "type": "string"
                  },
                  "email": {
                    "type": "string"
                  },
                  "exprience": {
                    "type": "string"
                  },
                  "meta":{
                    "type":"object"
                  }
                }
              }
            }
          ],
          "produces": [
            "application/json"
          ],
          "responses": {
            "207": {
              "description": "Your profile is incomplete"
            },
            "500": {
              "description": "Somthing went wrong"
            },
            "203": {
              "description": "You are temprory block"
            },
            "206": {
              "description": "Your profile is not approved by admin"
            },
            "200": {
              "description": "Login successfully"
            }
          }
        }
      },

      "/user/freelancer/signup": {
        "post": {
          "summary": "signup freelancer",
          "tags": [
            "Users"
          ],
          "description": "signup freelancer, use meta object to store any other information about user by using key value pair",
          "parameters": [
            {
              "name": "signup",
              "in": "body",
              "description": "Signup freelancer",
              "schema": {
                "$ref": "#/definitions/signup"
              }
            }
          ],
          "produces": [
            "application/json"
          ],
          "responses": {
            "201": {
              "description": "This email is already taken"
            },
            "500": {
              "description": "Somthing went wrong"
            },
            "200": {
              "description": "Signup successfully"
            }
          }
        }
      },

      "/user/freelancer/login": {
        "post": {
          "summary": "signin freelancer",
          "tags": [
            "Users"
          ],
          "description": "signin freelancer",
          "parameters": [
            {
              "name": "signin",
              "in": "body",
              "description": "signin freelancer",
              "schema": {
                "$ref": "#/definitions/signin"
              }
            }
          ],
          "produces": [
            "application/json"
          ],
          "responses": {
            "500": {
              "description": "Something went wrong"
            },
            "201": {
              "description": "Invalid username or password"
            },
            "202": {
              "description": "Your email varification is pending"
            },
            "207": {
              "description": "Your profile is incomplete"
            },
            "203": {
              "description": "You are temprory block"
            },
            "206": {
              "description": "You profile is not approved by admin."
            },
            "200": {
              "description": "Login successfully"
            }

          }
        }
      },

      "/user/employer/signup": {
        "post": {
          "summary": "employer signup",
          "tags": [
            "Users"
          ],
          "description": " employer signup, use any key value pair in meta object to store any other information about user ",
          "parameters": [
            {
              "name": "employer signup",
              "in": "body",
              "description": "Signup employer",
              "schema": {
                "$ref": "#/definitions/employersignup"
              }
            }
          ],
          "produces": [
            "application/json"
          ],
          "responses": {
            "200": {
              "description": "Signup successfully"
            },
            "201": {
              "description": "This email is already taken"
            },
            "500": {
              "description": "Something went wrong"
            }
          }
        }
      },

      "/user/employer/add/admin": {
        "post": {
          "summary": "create admin account",
          "tags": [
            "Users"
          ],
          "description": "company super admin creates the admin account ",
          "parameters": [
            {
              "name": "create admin",
              "in": "body",
              "description": "create admin",
              "schema": {
                "$ref": "#/definitions/createAdmin"
              }
            }
          ],
          "produces": [
            "application/json"
          ],
          "responses": {
            "200": {
              "description": "Signup successfully"
            },
            "201": {
              "description": "This email is already taken"
            },
            "500": {
              "description": "Something went wrong"
            }
          }
        }
      },

      "/user/employer/admin/list": {
        "post": {
          "summary": "list of company admins",
          "tags": [
            "Users"
          ],
          "description": "super admin getting the list of company admins ",
          "parameters": [
            {
              "name": "company admin list",
              "in": "body",
              "description": "company admin list",
              "schema": {
                "$ref": "#/definitions/companyAdminList"
              }
            }
          ],
          "produces": [
            "application/json"
          ],
          "responses": {
            "200": {
              "description": "Signup successfully"
            },
            "201": {
              "description": "This email is already taken"
            },
            "500": {
              "description": "Something went wrong"
            }
          }
        }
      },

      "/user/employer/login": {
        "post": {
          "summary": "employer signin",
          "tags": [
            "Users"
          ],
          "description": "employer signin",
          "parameters": [
            {
              "name": "employer signin",
              "in": "body",
              "description": "employer signin",
              "schema": {
                "$ref": "#/definitions/employersignin"
              }
            }
          ],
          "produces": [
            "application/json"
          ],
          "responses": {
            "500": {
              "description": "Somthing went wrong"
            },
            "201": {
              "description": "Invalid username or password"
            },
            "202": {
              "description": "Your email varification is pending"
            },
            "203": {
              "description": "You are temprory block"
            },
            "206": {
              "description": "You profile is not approved."
            },
            "200": {
              "description": "Login successfully"
            }
          }
        }
      },

      "/user/siteadmin/login": {
        "post": {
          "summary": "Site Admin login",
          "tags": [
            "Users"
          ],
          "description": "Site Admin login",
          "parameters": [
            {
              "name": "Site Admin login",
              "in": "body",
              "description": "Site Admin login",
              "schema": {
                "$ref": "#/definitions/employersignin"
              }
            }
          ],
          "produces": [
            "application/json"
          ],
          "responses": {
            "500": {
              "description": "Somthing went wrong"
            },
            "201": {
              "description": "Invalid username or password"
            },
            "200": {
              "description": "Login successfully"
            }
          }
        }
      },


      "/user/employer/otp/verify": {
        "post": {
         "summary": "OTP verification of user",
         "tags": [
           "Users"
         ],
         "description": "OTP verification of user",
         "parameters": [
           {
             "name": "verifyOtp",
             "in": "body",
             "description": "OTP verification of user",
             "schema": {
               "$ref": "#/definitions/employerVerifyOtp"
             }
           }
         ],
         "produces": [
           "application/json"
         ],
         "responses": {
            "400": {
              "description": "Otp is required"
            },
            "200": {
              "description": "Otp verified successfully"
            },
            "500": {
               "description": "Something went wrong"
            },
            "201": {
              "description": "Invalid Otp"
           }
          }
        }
      },

      "/user/employer/otp/resend": {
        "get": {
          "summary": "Resend OTP of user",
          "tags": [
            "Users"
          ],
          "description": "Resend OTP of user",
          "responses": {
             "200": {
               "description": "Otp resend successfully"
             },
             "500": {
               "description": "Something went wrong"
             }
          }
        }
      },

      "/user/freelancer-verify-otp": {
        "post": {
         "summary": "OTP verification of user",
         "tags": [
           "Users"
         ],
         "description": "OTP verification of user",
         "parameters": [
           {
             "name": "verifyOtp",
             "in": "body",
             "description": "OTP verification of user",
             "schema": {
               "$ref": "#/definitions/verifyOtp"
             }
           }
         ],
         "produces": [
           "application/json"
         ],
         "responses": {
            "400": {
              "description": "Otp is required"
            },
            "200": {
              "description": "Otp verified successfully"
            },
            "500": {
               "description": "Something went wrong"
            },
            "201": {
              "description": "Invalid Otp"
           }
          }
        }
      },

      "/user/freelancer-resend-otp": {
         "get": {
           "summary": "resend OTP of user",
           "tags": [
             "Users"
           ],
           "description": "resend OTP of user",
           "responses": {
              "200": {
                "description": "Otp resend successfully"
              },
              "500": {
                "description": "Something went wrong"
              }
           }
         }
      },

      "/user/get-all-educationqaulification": {
        "get": {
          "summary": "Get all educationqaulification",

          "tags": [
            "Users"
          ],
          "description": "Get all skills",
          "produces": [
            "application/json"
          ],
          "responses": {
            "200": {
              "description": "Record find"
            },
            "201": {
              "description": "Something went wroung"
            },
            "500": {
              "description": "Something went wroung"
            }
          }
        }
      },

      "/user/add-basic-details": {
        "post": {
          "summary": "Add basic details",
          "tags": [
            "Users"
          ],
          "description": "Add basic details",
          "parameters": [
            {
              "name": "Basic details",
              "in": "body",
              "description": "Add basic details",
              "schema": {
                "$ref": "#/definitions/basicDetails"
              }
            }
          ],
          "produces": [
            "application/json"
          ],
          "responses": {
            "200": {
              "description": "Record updated successfully"
            },
            "500": {
              "description": "Something went wroung"
            }
          }
        }
      },

      "/user/add-freelancer-experience": {
        "post": {
          "summary": "Add freelancer experience",
          "tags": [
            "Users"
          ],
          "description": "Add freelancer experience",
          "parameters": [
            {
              "name": "Freelancer experience",
              "in": "body",
              "description": "Add freelancer experience",
              "schema": {
                "$ref": "#/definitions/freelancerexperience"
              }
            }
          ],
          "produces": [
            "application/json"
          ],
          "responses": {
            "200": {
              "description": "Record updated successfully"
            },
            "500": {
              "description": "Something went wroung"
            }
          }
        }
      },

      "/user/add-freelancer-educations": {
        "post": {
          "summary": "Add freelancer educations",
          "tags": [
            "Users"
          ],
          "description": "Add freelancer educations",
          "parameters": [
            {
              "name": "Freelancer educations",
              "in": "body",
              "description": "Add freelancer educations",
              "schema": {
                "$ref": "#/definitions/freelancereducations"
              }
            }
          ],
          "produces": [
            "application/json"
          ],
          "responses": {
            "200": {
              "description": "Record updated successfully"
            },
            "500": {
              "description": "Something went wroung"
            }
          }
        }
      },

      "/user/add-freelancer-license": {
        "post": {
          "summary": "Add freelancer license",
          "tags": [
            "Users"
          ],
          "description": "Add freelancer license",
          "parameters": [
            {
              "name": "Freelancer license",
              "in": "body",
              "description": "Add freelancer license",
              "schema": {
                "$ref": "#/definitions/freelancerlicense"
              }
            }
          ],
          "produces": [
            "application/json"
          ],
          "responses": {
            "200": {
              "description": "Record updated successfully"
            },
            "500": {
              "description": "Something went wroung"
            }
          }
        }
      },

      "/user/add-freelancer-skills": {
        "post": {
          "summary": "Add freelancer skills",
          "tags": [
            "Users"
          ],
          "description": "Add freelancer skills",
          "parameters": [
            {
              "name": "Freelancer skills",
              "in": "body",
              "description": "Add freelancer skills",
              "schema": {
                "$ref": "#/definitions/freelancerskills"
              }
            }
          ],
          "produces": [
            "application/json"
          ],
          "responses": {
            "200": {
              "description": "Record updated successfully"
            },
            "500": {
              "description": "Something went wroung"
            }
          }
        }
      },

      "/user/employer/update/address": {
        "post": {
          "summary": "Employe update address",
          "tags": [
            "User-Setting-Api"
          ],
          "description": "Employe update address",
          "parameters": [
            {
              "name": "UpdateAddress",
              "in": "body",
              "description": "UpdateAddress",
              "schema": {
                "properties": {
                  "complete_address": {
                    "type": "string"
                  },
                  "pin_code": {
                    "type": "number"
                  },
                  "city": {
                    "type": "string"
                  },
                  "state": {
                    "type": "string"
                  },
                  "country": {
                    "type": "string"
                  },
                  "tax_residence": {
                    "type": "number",
                    "example":"0 = residence, 1 = tax-residence"
                  }
                }
              }
            }
          ],
          "produces": [
            "application/json"
          ],
          "responses": {
            "200": {
              "description": "Record updated successfully."
            },
            "201": {
              "description": "Something went wroung."
            }
          }
        }
      },

      "/user/change/password": {
        "post": {
          "summary": "Change password",
          "tags": [
            "Users"
          ],
          "description": "Change password",
          "parameters": [
            {
              "name": "ChangePassword",
              "in": "body",
              "description": "ChangePassword",
              "schema": {
                "properties": {
                  "current_password": {
                    "type": "string"
                  },
                  "new_password": {
                    "type": "string"
                  },
                  "confirm_new_password": {
                    "type": "string"
                  }
                }
              }
            }
          ],
          "produces": [
            "application/json"
          ],
          "responses": {
            "200": {
              "description": "Password change successfully."
            },
            "201": {
              "description": "Invalid username."
            },
            "202": {
              "description": "Current password did not matched."
            },
            "203": {
              "description": "Password not changed."
            },
            "500": {
              "description": "Something went wrong."
            }
          }
        }
      },

      "/user/change/mobile/number": {
        "post": {
          "summary": "Change mobile number",
          "tags": [
            "User-Setting-Api"
          ],
          "description": "Change mobile number",
          "parameters": [
            {
              "name": "ChangeMobileNumber",
              "in": "body",
              "description": "ChangeMobileNumber",
              "schema": {
                "properties": {
                  "current_mobile_no": {
                    "type": "string"
                  },
                  "new_mobile_no": {
                    "type": "string"
                  }
                }
              }
            }
          ],
          "produces": [
            "application/json"
          ],
          "responses": {
            "200": {
              "description": "Please verify otp."
            },
            "201": {
              "description": "Your current mobile number did not matched."
            },
            "202": {
              "description": "New mobile number already taken."
            },
            "203": {
              "description": "Mobile number not updated."
            },
            "500": {
              "description": "Something went wrong."
            }
          }
        }
      },

      "/user/add/company/tax/details": {
        "post": {
          "summary": "Change tax details",
          "tags": [
            "Company"
          ],
          "description": "Change tax details",
          "parameters": [
            {
              "name": "CopmanyTaxDetails",
              "in": "body",
              "description": "Change tax details",
              "schema": {
                "properties": {
                  "gst_tin": {
                    "type": "string"
                  },
                  "gst_tin_url": {
                    "type": "string"
                  },
                  "msme_number": {
                    "type": "string"
                  },
                  "msme_number_url": {
                    "type": "string"
                  },
                  "company_pan_number": {
                    "type": "string"
                  },
                  "company_pan_url": {
                    "type": "string"
                  },
                  "company_reg_number": {
                    "type": "string"
                  },
                  "company_reg_url": {
                    "type": "string"
                  }
                }
              }
            }
          ],
          "produces": [
            "application/json"
          ],
          "responses": {
            "200": {
              "description": "Company tax details added successfully."
            },
            "201": {
              "description": "Data not updated."
            },
            "500": {
              "description": "Something went wrong."
            }
          }
        }
      },

      "/user/freelancer/bankAndBiling/details/addUpdate": {
        "post": {
          "summary": "Bank and billing details add update",
          "tags": [
            "User-Setting-Api"
          ],
          "description": "Bank and billing details add update",
          "parameters": [
            {
              "name": "bankAndBilingUpdate",
              "in": "body",
              "description": "Bank and billing details add update",
              "schema": {
                "properties": {
                  "bank_full_name": {
                    "type": "string"
                  },
                  "bank_account_number": {
                    "type": "string"
                  },
                  "ifsc_code": {
                    "type": "string"
                  },
                  "branch_name": {
                    "type": "string"
                  },
                  "complete_address": {
                    "type": "string"
                  },
                  "pin_code": {
                    "type": "string"
                  },
                  "city": {
                    "type": "string"
                  },
                  "state": {
                    "type": "string"
                  },
                  "country": {
                    "type": "string"
                  }
                }
              }
            }
          ],
          "produces": [
            "application/json"
          ],
          "responses": {
            "200": {
              "description": "Details updated successfully."
            },
            "201": {
              "description": "Data not updated."
            },
            "500": {
              "description": "Something went wrong."
            }
          }
        }
      },

      "/user/add/freelancers/tax/information": {
        "post": {
          "summary": "Freelancer tax information",
          "tags": [
            "User-Setting-Api"
          ],
          "description": "Freelancer tax information",
          "parameters": [
            {
              "name": "FlTaxInformation",
              "in": "body",
              "description": "Freelancer tax information",
              "schema": {
                "properties": {
                  "indian_citizen": {
                    "type": "number",
                    "example":"0 = indian citizen, 1 = not indian citizen"
                  },
                  "pan_number": {
                    "type": "string"
                  },
                  "gst_number": {
                    "type": "string"
                  },
                  "passport_number": {
                    "type": "string"
                  },
                  "country": {
                    "type": "string"
                  }
                }
              }
            }
          ],
          "produces": [
            "application/json"
          ],
          "responses": {
            "200": {
              "description": "Tax information updated successfully."
            },
            "201": {
              "description": "Data not updated."
            },
            "500": {
              "description": "Something went wrong."
            }
          }
        }
      },

      "/user/add/company/bank/details": {
        "post": {
          "summary": "Company Bank Details",
          "tags": [
            "Company"
          ],
          "description": "Company Bank Details",
          "parameters": [
            {
              "name": "CompanyBankDetails",
              "in": "body",
              "description": "Company Bank Details",
              "schema": {
                "properties": {
                  "full_name": {
                    "type": "string"
                  },
                  "bank_account_number": {
                    "type": "string"
                  },
                  "ifsc_code": {
                    "type": "string"
                  },
                  "branch_name": {
                    "type": "string"
                  }
                }
              }
            }
          ],
          "produces": [
            "application/json"
          ],
          "responses": {
            "200": {
              "description": "Company bank details added successfully."
            },
            "201": {
              "description": "Data not updated."
            },
            "500": {
              "description": "Something went wrong."
            }
          }
        }
      },

      "/user/company/update/address": {
        "post": {
          "summary": "Company Update address",
          "tags": [
            "Company"
          ],
          "description": "Company Update address",
          "parameters": [
            {
              "name": "CompanyBankDetails",
              "in": "body",
              "description": "Company Update address",
              "schema": {
                "properties": {
                  "complete_address": {
                    "type": "string"
                  },
                  "pin_code": {
                    "type": "string"
                  },
                  "city": {
                    "type": "string"
                  },
                  "state": {
                    "type": "string"
                  },
                  "country": {
                    "type": "string"
                  }
                }
              }
            }
          ],
          "produces": [
            "application/json"
          ],
          "responses": {
            "200": {
              "description": "Company address updated successfully"
            },
            "201": {
              "description": "Data not updated."
            },
            "500": {
              "description": "Something went wrong."
            }
          }
        }
      },

      "/user/freelancer/bankAndBiling/details": {
        "get": {
          "summary": "Get fl bank details and billing address",
          "tags": [
            "User-Setting-Api"
          ],
          "description": "Get fl bank details and billing address",
          "produces": [
            "application/json"
          ],
          "responses": {
            "200": {
              "description": "Freelancer tax information."
            },
            "201": {
              "description": "Data not found."
            },
            "500": {
              "description": "Something went wroung"
            }
          }
        }
      },

      "/user/freelancers/tax/information": {
        "get": {
          "summary": "Get Freelancer tax information",
          "tags": [
            "User-Setting-Api"
          ],
          "description": "Get Freelancer tax information",
          "produces": [
            "application/json"
          ],
          "responses": {
            "200": {
              "description": "Freelancer tax information."
            },
            "201": {
              "description": "Data not found."
            },
            "500": {
              "description": "Something went wroung"
            }
          }
        }
      },

      "/user/employer/address": {
        "get": {
          "summary": "Get employer address",
          "tags": [
            "User-Setting-Api"
          ],
          "description": "Get employer address",
          "produces": [
            "application/json"
          ],
          "responses": {
            "200": {
              "description": "Employer address."
            },
            "201": {
              "description": "Data not found."
            },
            "500": {
              "description": "Something went wroung"
            }
          }
        }
      },

      "/user/company/tax/details": {
        "get": {
          "summary": "Get company tax details",
          "tags": [
            "Company"
          ],
          "description": "Get company tax details",
          "produces": [
            "application/json"
          ],
          "responses": {
            "200": {
              "description": "Company tax details."
            },
            "201": {
              "description": "Data not found."
            },
            "500": {
              "description": "Something went wroung"
            }
          }
        }
      },

      "/user/search/freelancer": {
        "post": {
          "summary": "Search freelancer",
          "tags": [
            "Freelancer"
          ],
          "description": "Search freelancer",
          "parameters": [
            {
              "name": "search",
              "in": "body",
              "description": "Search freelancer",
              "schema": {
                "properties": {
                  "page_number": {
                    "type": "number"
                  },
                  "number_of_record": {
                    "type": "number"
                  },
                  "filter_type":{
                    "type":"string",
                    "example":"today, 7_days, 30_days, 3_months, 12_months, custom"
                  },
                  "search_key":{
                    "type": "string"
                  },
                  "from": {
                    "type": "string",
                    "example":"Starting searching date formate like - 2021-11-10"
                  },
                  "to": {
                    "type": "string",
                    "example":"End searching date formate like - 2021-11-30"
                  }
                }
              }
            }
          ],
          "produces": [
            "application/json"
          ],
          "responses": {
            "201": {
              "description": "Something went wroun"
            },
            "500": {
              "description": "Something went wroung"
            }
          }
        }
      },

      "/user/freelancer/details/{id}": {
        "get": {
          "summary": "Get freelancer details",
          "tags": [
            "Freelancer"
          ],
          "description": "Get freelancer details",
          "parameters": [
            {
               "name":"id",
               "in":"path",
               "schema":{
                 "type":"number"
               },
               "required":true
             }
           ],
          "produces": [
            "application/json"
          ],
          "responses": {
            "200": {
              "description": "Record find"
            },
            "201": {
              "description": "Something went wroung"
            },
            "500": {
              "description": "Something went wroung"
            }
          }
        }
      },

      "/user/get/user/{id}": {
        "get": {
          "summary": "Get user data",
          "tags": [
            "Users"
          ],
          "description": "Get user data",
          "parameters": [
           {
              "name":"id",
              "in":"path",
              "schema":{
                "type":"number"
              },
              "required":true
            }
          ],
          "produces": [
            "application/json"
          ],
          "responses": {
            "200": {
              "description": "Record find"
            },
            "201": {
              "description": "Invaid user id"
            },
            "500": {
              "description": "Something went wroung"
            }
          }
        }
      },

      "/user/get/users/": {
        "post": {
          "summary": "Get Multi user data",
          "tags": [
            "Users"
          ],
          "description": "Get Multi user data",
          "parameters": [
            {
              "name": "User data",
              "in": "body",
              "description": "User data",
              "schema": {
                "$ref": "#/definitions/multiUserdata"
              }
            }
          ],
          "produces": [
            "application/json"
          ],
          "responses": {
            "200": {
              "description": "Record find"
            },
            "201": {
              "description": "Invaid user ids"
            },
            "500": {
              "description": "Something went wroung"
            }
          }
        }
      },

      "/user/get/users/notifications/": {
        "post": {
          "summary": "Get notifications",
          "tags": [
            "Users"
          ],
          "description": "get notifications",
          "parameters": [

          ],
          "produces": [
            "application/json"
          ],
          "responses": {
            "200": {
              "description": "Record find"
            },
            "201": {
              "description": "Invaid user ids"
            },
            "500": {
              "description": "Something went wroung"
            }
          }
        }
      },

      "/user/get/users/notification/read/": {
        "post": {
          "summary": "Read notifications",
          "tags": [
            "Users"
          ],
          "description": "read notifications",
          "parameters": [
            {
              "name": "Save",
              "in": "body",
              "description": "Save freelancer",
              "schema": {
                "properties": {
                  "notification_id": {
                    "type": "number"
                  }
                }
              }
            }
          ],
          "produces": [
            "application/json"
          ],
          "responses": {
            "200": {
              "description": "Record find"
            },
            "201": {
              "description": "Invaid user ids"
            },
            "500": {
              "description": "Something went wroung"
            }
          }
        }
      },

      "/user/get/users/notification/read/all/": {
        "post": {
          "summary": "Read all notifications",
          "tags": [
            "Users"
          ],
          "description": "read all notifications for login user",
          "parameters": [

          ],
          "produces": [
            "application/json"
          ],
          "responses": {
            "200": {
              "description": "Record find"
            },
            "500": {
              "description": "Something went wroung"
            }
          }
        }
      },

      "/user/gigs/saved/fls/count": {
        "post": {
          "summary": "Get saved user count as good , top and basic saved users by gig ids",
          "tags": [
            "Users"
          ],
          "description": "Get saved user count as good , top and basic saved users by gig ids",
          "parameters": [
            {
              "name": "Gig Ids",
              "in": "body",
              "description": "array of gig ids",
              "schema": {
                "$ref": "#/definitions/multisavedUsrDataByGigIds"
              }
            }
          ],
          "produces": [
            "application/json"
          ],
          "responses": {
            "200": {
              "description": "Record find"
            },
            "201": {
              "description": "Invaid user ids"
            },
            "500": {
              "description": "Something went wroung"
            }
          }
        }
      },

      "/user/freelancer/education/{id}": {
        "get": {
          "summary": "Get freelancer education",
          "tags": [
            "Freelancer"
          ],
          "description": "Get freelancer education",
          "parameters": [
            {
               "name":"id",
               "in":"path",
               "schema":{
                 "type":"number"
               },
               "required":true
             }
           ],
          "produces": [
            "application/json"
          ],
          "responses": {
            "200": {
              "description": "Record find"
            },
            "201": {
              "description": "Something went wroung"
            },
            "500": {
              "description": "Something went wroung"
            }
          }
        }
      },

      "/user/freelancer/experience/{id}": {
        "get": {
          "summary": "Get freelancer experience",
          "tags": [
            "Freelancer"
          ],
          "description": "freelancer experience",
          "parameters": [
            {
               "name":"id",
               "in":"path",
               "schema":{
                 "type":"number"
               },
               "required":true
             }
           ],
          "produces": [
            "application/json"
          ],
          "responses": {
            "200": {
              "description": "Record find"
            },
            "201": {
              "description": "Something went wroung"
            },
            "500": {
              "description": "Something went wroung"
            }
          }
        }
      },

      "/user/freelancer/skills/{id}": {
        "get": {
          "summary": "Get freelancer skills",
          "tags": [
            "Freelancer"
          ],
          "description": "freelancer skills",
          "parameters": [
            {
               "name":"id",
               "in":"path",
               "schema":{
                 "type":"number"
               },
               "required":true
             }
           ],
          "produces": [
            "application/json"
          ],
          "responses": {
            "200": {
              "description": "Record find"
            },
            "201": {
              "description": "Something went wroung"
            },
            "500": {
              "description": "Something went wroung"
            }
          }
        }
      },

      "/user/freelancer/accomplishments/{id}": {
        "get": {
          "summary": "Get all accomplishments",
          "tags": [
            "Freelancer"
          ],
          "description": "Get all accomplishments",
          "parameters": [
            {
               "name":"id",
               "in":"path",
               "schema":{
                 "type":"number"
               },
               "required":true
             }
           ],
          "produces": [
            "application/json"
          ],
          "responses": {
            "200": {
              "description": "Record find"
            },
            "201": {
              "description": "Something went wroung"
            },
            "500": {
              "description": "Something went wroung"
            }
          }
        }
      },

      "/user/freelancer/feedback/{id}": {
        "get": {
          "summary": "Get freelancer feedback",
          "tags": [
            "Freelancer"
          ],
          "description": "Get freelancer feedback",
          "parameters": [
            {
               "name":"id",
               "in":"path",
               "schema":{
                 "type":"number"
               },
               "required":true
             }
           ],
          "produces": [
            "application/json"
          ],
          "responses": {
            "200": {
              "description": "Record find"
            },
            "201": {
              "description": "Something went wroung"
            },
            "500": {
              "description": "Something went wroung"
            }
          }
        }
      },

      "/user/save/freelancer": {
        "post": {
          "summary": "Save freelancer",
          "tags": [
            "Freelancer"
          ],
          "description": "Save freelancer",
          "parameters": [
            {
              "name": "Save",
              "in": "body",
              "description": "Save freelancer",
              "schema": {
                "$ref": "#/definitions/savefreelancer"
              }
            }
          ],
          "produces": [
            "application/json"
          ],
          "responses": {
            "200": {
              "description": "Freelancer data saved"
            },
            "201": {
              "description": "Something went wroung"
            },
            "400": {
              "description": "Freelancer id is required"
            },
            "500": {
              "description": "Something went wroung"
            }
          }
        }
      },

      "/user/saved/freelancer/list/{gig_id}": {
        "get": {
          "summary": "Save freelancer list",
          "tags": [
            "Freelancer"
          ],
          "description": "Save freelancer list",
          "parameters": [
            {
               "name":"id",
               "in":"path",
               "schema":{
                 "type":"number"
               },
               "required":true
             }
           ],
          "produces": [
            "application/json"
          ],
          "responses": {
            "200": {
              "description": "Saved Freelancers found."
            },
            "201": {
              "description": "No data found."
            },
            "500": {
              "description": "Something went wroung."
            }
          }
        }
      },

      "/user/delete/saved/freelancer/{fl_id}/{gig_id}": {
        "delete": {
          "summary": "Delete saved freelancer",
          "tags": [
            "Freelancer"
          ],
          "description": "Delete saved freelancer",
          "parameters": [
            {
               "name":"fl_id",
               "in":"path",
               "schema":{
                 "type":"number"
               },
               "required":true
             },
             {
              "name":"gig_id",
              "in":"path",
              "schema":{
                "type":"number"
              },
              "required":true
            }
           ],
          "produces": [
            "application/json"
          ],
          "responses": {
            "200": {
              "description": "Delete saved Freelancers."
            },
            "201": {
              "description": "Invalid id."
            },
            "500": {
              "description": "Something went wroung."
            }
          }
        }
      },

      "/user/hired/freelancer/list": {
        "get": {
          "summary": "Hired freelancer list",
          "tags": [
            "Freelancer"
          ],
          "description": "Hired freelancer list",
          "parameters": [

          ],
          "produces": [
            "application/json"
          ],
          "responses": {
            "200": {
              "description": "Saved Freelancers found."
            },
            "201": {
              "description": "No data found."
            },
            "500": {
              "description": "Something went wroung."
            }
          }
        }
      },

      "/user/get/freelancers": {
        "post": {
          "summary": "Get Multi freelancers data",
          "tags": [
            "Freelancer"
          ],
          "description": "Get Multi freelancers data",
          "parameters": [
            {
              "name": "",
              "in": "body",
              "description": "",
              "schema": {
                "properties": {
                  "id": {
                    "type": "array",
                    "example": [1,2,3]
                  }
                }
              }
            }
          ],
          "produces": [
            "application/json"
          ],
          "responses": {
            "200": {
              "description": "Record find"
            },
            "201": {
              "description": "Invaid freelancer ids"
            },
            "500": {
              "description": "Something went wroung"
            }
          }
        }
      },

      "/user/resume/parsing": {
        "post": {
          "summary": "Resume parsing",
          "tags": [
            "Users"
          ],
          "description": "Resume parsing",
          "parameters": [
            {
              "name": "ResumeParsing",
              "in": "body",
              "description": "",
              "schema": {
                "properties": {
                  "s3_link": {
                    "type": "string"
                  }
                }
              }
            }
          ],
          "produces": [
            "application/json"
          ],
          "responses": {
            "400": {
              "description": "Url required."
            },
            "200": {
              "description": "Resume parsing data."
            },
            "201": {
              "description": "Parsing data not found."
            },
            "500": {
              "description": "Something went wroung"
            }
          }
        }
      },

      "/user/jd/parsing": {
        "post": {
          "summary": "Jd parsing",
          "tags": [
            "Users"
          ],
          "description": "Jd parsing",
          "parameters": [
            {
              "name": "JdParsing",
              "in": "body",
              "description": "",
              "schema": {
                "properties": {
                  "s3_link": {
                    "type": "string"
                  }
                }
              }
            }
          ],
          "produces": [
            "application/json"
          ],
          "responses": {
            "400": {
              "description": "Url required."
            },
            "200": {
              "description": "Jd parsing data."
            },
            "201": {
              "description": "Parsing data not found."
            },
            "500": {
              "description": "Something went wroung"
            }
          }
        }
      },

      "/user/file/upload": {
        "post": {
          "summary": "File upload",
          "tags": [
            "File upload"
          ],
          "description": "File upload",
          "consumes": "form-data",
          "parameters": [
            {
              "name": "file",
              "in": "formData",
              "type": "file"

            }
          ],
          "responses": {
            "200": {
              "description": "File upload successfully."
            },
            "201": {
              "description": "File not uploaded."
            },
            "500": {
              "description": "Something went wroung"
            }
          }
        }
      },

      "/user/multiple/files/upload": {
        "post": {
          "summary": "Multiple File upload",
          "tags": [
            "File upload"
          ],
          "description": "MultipleFileUpload",
          "consumes": "-multipart/form-data",
          "parameters": [
            {
              "name": "multi_files",
              "in": "formData",
              "type": "file",
              "description": "The uploaded multiple data",
              "required": true
            }
          ],
          "responses": {
            "200": {
              "description": "File upload successfully."
            },
            "201": {
              "description": "File not uploaded."
            },
            "500": {
              "description": "Something went wroung"
            }
          }
        }
      },

      "/user/forget/password/link": {
        "post": {
          "summary": "Forget password",
          "tags": [
            "Forget-password"
          ],
          "description": "Forget password",
          "parameters": [
            {
              "name": "ForgetPassword",
              "in": "body",
              "description": "",
              "schema": {
                "properties": {
                  "email": {
                    "type": "string"
                  }
                }
              }
            }
          ],
          "produces": [
            "application/json"
          ],
          "responses": {
            "400": {
              "description": "Email id require"
            },
            "200": {
              "description": "Email send on your email id"
            },
            "201": {
              "description": "Email id not registered."
            },
            "500": {
              "description": "Something went wroung"
            }
          }
        }
      },

      "/user/reset/password/{toekn}": {
        "put": {
          "summary": "Reset password",
          "tags": [
            "Forget-password"
          ],
          "description": "Reset password",
          "parameters": [
            {
              "name": "ResetPassword",
              "in": "body",
              "description": "",
              "parameters": [
                {
                   "name":"id",
                   "in":"path",
                   "schema":{
                     "type":"number"
                   },
                   "required":true
                 }
               ],
              "schema": {
                "properties": {
                  "new_password": {
                    "type": "string"
                  },
                  "confirm_new_password": {
                    "type": "string"
                  }
                }
              }
            }
          ],
          "produces": [
            "application/json"
          ],
          "responses": {
            "400": {
              "description": "New password and confirm password do not matched."
            },
            "200": {
              "description": "Password reset successfully"
            },
            "201": {
              "description": "Password reset token is invalid or has expired."
            },
            "500": {
              "description": "Something went wroung"
            }
          }
        }
      },

      "/user/recommended/freelancers": {
        "post": {
          "summary": "Recommended freelancers",
          "tags": [
            "Recommended-Api"
          ],
          "description": "Recommended freelancers",
          "parameters": [
            {
              "name": "RecommendedFl",
              "in": "body",
              "description": "",
              "schema": {
                "properties": {
                  "gigId": {
                    "type": "number"
                  },
                  "pageNumber": {
                    "type": "number"
                  },
                  "search_key":{
                    "type": "string",
                    "example":"Search by first_name, last_name, designation skills if 'search_key' empty its give all"
                  },
                  "order_by":{
                    "type": "string",
                    "example":"match_socre, rate ,experience"
                  },
                  "order_type":{
                    "type": "string",
                    "example":"asc , desc"
                  },
                  "payment_type":{
                    "type": "number",
                    "example":"0 = Fiexed , 1 = hourly (Not Mediatory)"
                  },
                  "pay_per_hour":{
                    "type": "number",
                    "example":"500 - 10k (Not Mediatory)"
                  },
                  "hrs_per_week":{
                    "type": "number",
                    "example":"0 = More Than 30 Hrs/Week , 1 = Less Than 30 Hrs/Week (Not Mediatory)"
                  },
                  "experience":{
                    "type": "number",
                    "example":"int value (Not Mediatory)"
                  }
                }
              }
            }
          ],
          "produces": [
            "application/json"
          ],
          "responses": {
            "200": {
              "description": "Recommended freelancers data."
            },
            "201": {
              "description": "Parsing data not found."
            },
            "500": {
              "description": "Something went wroung"
            }
          }
        }
      },

      "/user/recommended/gigs": {
        "post": {
          "summary": "Recommended gigs",
          "tags": [
            "Recommended-Api"
          ],
          "description": "Recommended gigs",
          "parameters": [
            {
              "name": "RecommendedGigs",
              "in": "body",
              "description": "",
              "schema": {
                "properties": {
                  "pageNumber": {
                    "type": "number"
                  },
                  "search_key":{
                    "type": "string",
                    "example":"Search by gig_title, gig_description, gig_skills if 'search_key' empty its give all"
                  },
                  "order_by":{
                    "type": "string",
                    "example":"match_score , created_at title (Not Mediatory)"
                  },
                  "order_type":{
                    "type": "string",
                    "example":"asc , desc"
                  },
                  "payment_type":{
                    "type": "number",
                    "example":"0 = Fiexed , 1 = hourly (Not Mediatory)"
                  },
                  "pay_per_hour":{
                    "type": "number",
                    "example":"500 - 10k (Not Mediatory)"
                  },
                  "gig_del_time":{
                    "type": "number",
                    "example":"1 t0 8+ (weeks only) (Not Mediatory)"
                  },
                  "hrs_per_week":{
                    "type": "number",
                    "example":"0 = More Than 30 Hrs/Week , 1 = Less Than 30 Hrs/Week (Not Mediatory)"
                  },
                  "experience":{
                    "type": "number",
                    "example":"int value (Not Mediatory)"
                  }
                }
              }
            }
          ],
          "produces": [
            "application/json"
          ],
          "responses": {
            "200": {
              "description": "Recommended gigs data."
            },
            "201": {
              "description": "Gigs data not found."
            },
            "500": {
              "description": "Something went wroung"
            }
          }
        }
      },

      "/user/search_gigs": {
        "post": {
          "summary": "Search gigs",
          "tags": [
            "Recommended-Api"
          ],
          "description": "Search gigs",
          "parameters": [
            {
              "name": "SearchGigs",
              "in": "body",
              "description": "",
              "schema": {
                "properties": {
                  "flId": {
                    "type": "number"
                  },
                  "pageNumber": {
                    "type": "number"
                  },
                  "search_key":{
                    "type": "string",
                    "example":"Search key mediatory"
                  },
                  "search_key_type":{
                    "type": "number",
                    "example":"0 - all,1 -Companies, 2 - Gigs tiltle description skill comapany_name ompen gigs only"
                  },
                  "norpp":{
                    "type": "number",
                    "example":"num_of_records_per_page default = 100 (Not Mediatory)"
                  }
                }
              }
            }
          ],
          "produces": [
            "application/json"
          ],
          "responses": {
            "200": {
              "description": "Search gigs data."
            },
            "201": {
              "description": "Gigs data not found."
            },
            "500": {
              "description": "Something went wroung"
            }
          }
        }
      },


      "/user/match/score": {
        "post": {
          "summary": "Match score",
          "tags": [
            "Recommended-Api"
          ],
          "description": "Match score",
          "parameters": [
            {
               "name":"MatchScore",
               "in":"body",
               "schema":{
                "properties": {
                  "gigId": {
                    "type": "number"
                  },
                  "flId": {
                    "type": "number"
                  }
                }
               },
               "required":true
             }
           ],
          "produces": [
            "application/json"
          ],
          "responses": {
            "200": {
              "description": "Match socre"
            },
            "201": {
              "description": "Match socre not found."
            },
            "500": {
              "description": "Something went wroung"
            }
          }
        }
      },

      "/user/ApproveClient/{id}": {
        "put": {
          "summary": "Approve Client",
          "tags": [
            "Site-Admin"
          ],
          "description": "Approve Client",
          "parameters": [
            {
              "name":"id",
              "example":"User id",
              "in":"path",
              "schema":{
                "type":"number"
              },
              "required":true
            }

          ],
          "produces": [
            "application/json"
          ],
          "responses": {
            "200": {
              "description": "Client Approved"
            },
            "500": {
              "description": "Somthing went wrong"
            }
          }
        }
      },

      "/user/RejectClient/{id}/{userid}": {
        "put": {
          "summary": "Reject Client",
          "tags": [
            "Site-Admin"
          ],
          "description": "Reject Client",
          "parameters": [
            {
              "name":"id",
              "example": "employer id",
              "in":"path",
              "schema":{
                "type":"number"
              },
              "required":true
            },
            {
              "name":"userid",
              "example": "user id",
              "in":"path",
              "schema":{
                "type":"number"
              },
              "required":true
            }
          ],
          "produces": [
            "application/json"
          ],
          "responses": {
            "200": {
              "description": "Client Rejected"
            },
            "500": {
              "description": "Somthing went wrong"
            }
          }
        }
      },

      "/user/GetTotalUnapprovedClientList": {
        "post": {
          "summary": "Unapproved Client List",
          "tags": [
            "Site-Admin"
          ],
          "description": "Unapproved Client List",
          "parameters": [
            {
              "name": "UnapprovedClientList",
              "in": "body",
              "description": "",
              "schema": {
                "properties": {
                  "page_number": {
                    "type": "number"
                  },
                  "number_of_record": {
                    "type": "number"
                  },
                  "search_key":{
                    "type": "string"
                  }
                }
              }
            }
          ],
          "produces": [
            "application/json"
          ],
          "responses": {
            "200": {
              "description": "Unapproved Client List."
            },
            "201": {
              "description": "No data found."
            },
            "500": {
              "description": "Somthing went wrong."
            }
          }
        }
      },

      "/user/GetTotalApprovedClientList": {
        "post": {
          "summary": "Approved Client List",
          "tags": [
            "Site-Admin"
          ],
          "description": "Approved Client List",
          "parameters": [
            {
              "name": "ApprovedClientList",
              "in": "body",
              "description": "",
              "schema": {
                "properties": {
                  "page_number": {
                    "type": "number"
                  },
                  "number_of_record": {
                    "type": "number"
                  },
                  "search_key":{
                    "type": "string"
                  }
                }
              }
            }
          ],
          "produces": [
            "application/json"
          ],
          "responses": {
            "200": {
              "description": "Approved Client List."
            },
            "201": {
              "description": "No data found."
            },
            "500": {
              "description": "Somthing went wrong."
            }
          }
        }
      },


      "/user/freelancers/add/completed/gig": {
        "post": {
          "summary": "Add completed gigs",
          "tags": [
            "Admin"
          ],
          "description": "Add completed gigs",
          "parameters": [
            {
               "name":"AddCompletedGigs",
               "in":"body",
               "schema":{
                "properties": {
                  "fl_id": {
                    "type": "number"
                  }
                }
               },
               "required":true
             }
           ],
          "produces": [
            "application/json"
          ],
          "responses": {
            "200": {
              "description": "Modified successfully."
            },
            "201": {
              "description": "Invalid id."
            },
            "500": {
              "description": "Something went wroung"
            }
          }
        }
      },

      "/user/admin/saved/freelancer/count": {
        "get": {
          "summary": "Admin saved freelancer count",
          "tags": [
            "Admin"
          ],
          "description": "Admin saved freelancer count",
          "produces": [
            "application/json"
          ],
          "responses": {
            "200": {
              "description": "Counts."
            },
            "500": {
              "description": "Something went wroung"
            }
          }
        }
      },

      "/user/all/employer/list": {
        "post": {
          "summary": "All employer list",
          "tags": [
            "Site-Admin"
          ],
          "description": "All employer list",
          "parameters": [
            {
              "name": "AllEmployerList",
              "in": "body",
              "description": "All employer list",
              "schema": {
                "properties": {
                  "page_number": {
                    "type": "number"
                  },
                  "number_of_record": {
                    "type": "number"
                  },
                  "filter_type":{
                    "type":"string",
                    "example":"today, 7_days, 30_days, 3_months, 12_months, custom"
                  },
                  "search_key":{
                    "type": "string"
                  },
                  "from": {
                    "type": "string",
                    "example":"Starting searching date formate like - 2021-11-10"
                  },
                  "to": {
                    "type": "string",
                    "example":"End searching date formate like - 2021-11-30"
                  }
                }
              }
            }
          ],
          "produces": [
            "application/json"
          ],
          "responses": {
            "200": {
              "description": "All Employer"
            },
            "201": {
              "description": "Data not found."
            },
            "500": {
              "description": "Something went wroung"
            }
          }
        }
      },

      "/user/comapny/ownerid/{company_id}": {
        "get": {
          "summary": "Get company owner id",
          "tags": [
            "Company"
          ],
          "description": "Get company owner id",
          "parameters": [
            {
               "name":"company_id",
               "in":"path",
               "schema":{
                 "type":"number"
               },
               "required":true
             }
           ],
          "produces": [
            "application/json"
          ],
          "responses": {
            "200": {
              "description": "Company owner id."
            },
            "201": {
              "description": "Invalid id."
            },
            "500": {
              "description": "Something went wroung."
            }
          }
        }
      },

      "/user/freelancers/alldata/{fl_id}": {
        "get": {
          "summary": "Freelancer all data",
          "tags": [
            "Freelancer"
          ],
          "description": "Freelancer all data",
          "parameters": [
            {
               "name":"fl_id",
               "in":"path",
               "schema":{
                 "type":"number"
               },
               "required":true
             }
           ],
          "produces": [
            "application/json"
          ],
          "responses": {
            "200": {
              "description": "Freelancer all data."
            },
            "201": {
              "description": "Invalid id."
            },
            "500": {
              "description": "Something went wroung."
            }
          }
        }
      },

      "/user/update/profile/fname/lname/exp": {
        "put": {
          "summary": "Update profile fname lname exp",
          "tags": [
            "Site-Admin"
          ],
          "description": "Update profile fname lname exp",
          "parameters": [
            {
              "name": "updateProfile",
              "in": "body",
              "description": "Update profile fname lname exp",
              "schema": {
                "properties": {
                  "profile_pic": {
                    "type": "string"
                  },
                  "first_name": {
                    "type": "string"
                  },
                  "last_name": {
                    "type": "string"
                  },
                  "exprience": {
                    "type": "string",
                    "example":"If freelance, send experience otherwise not"
                  }
                }
              }
            }
          ],
          "produces": [
            "application/json"
          ],
          "responses": {
            "200": {
              "description": "Information update successfully"
            },
            "201": {
              "description": "Invalid id."
            },
            "500": {
              "description": "Something went wroung"
            }
          }
        }
      },

      "/user/admin/list/for/superdmin": {
        "get": {
          "summary": "Admin for superdmin",
          "tags": [
            "Site-Admin"
          ],
          "description": "Admin for superdmin",
          "produces": [
            "application/json"
          ],
          "responses": {
            "200": {
              "description": "Admin information."
            },
            "201": {
              "description": "Data not found."
            },
            "500": {
              "description": "Something went wroung"
            }
          }
        }
      },

      "/user/freelancer/change/email": {
        "post": {
          "summary": "Change email",
          "tags": [
            "Freelancer"
          ],
          "description": "Change email",
          "parameters": [
            {
              "name": "Changeemail",
              "in": "body",
              "description": "Changeemail",
              "schema": {
                "properties": {
                  "current_email": {
                    "type": "string"
                  },
                  "new_email": {
                    "type": "string"
                  }
                }
              }
            }
          ],
          "produces": [
            "application/json"
          ],
          "responses": {
            "200": {
              "description": "Otp send to your verify email id."
            },
            "201": {
              "description": "Email not found."
            },
            "202": {
              "description": "Your new email in already registered try with new one."
            },
            "203": {
              "description": "New email data not updated."
            },
            "403": {
              "description": "You dont have to permission to access."
            },
            "500": {
              "description": "Something went wrong."
            }
          }
        }
      },

      "/user/freelancer/verify/change/email": {
        "post": {
         "summary": "Freelancer verify change email",
         "tags": [
          "Freelancer"
         ],
         "description": "Freelancer verify change email",
         "parameters": [
           {
             "name": "verifyOtp",
             "in": "body",
             "description": "Freelancer verify change email",
             "schema": {
               "$ref": "#/definitions/employerVerifyOtp"
             }
           }
         ],
         "produces": [
           "application/json"
         ],
         "responses": {
            "400": {
              "description": "Otp is required"
            },
            "200": {
              "description": "Otp verified successfully"
            },
            "500": {
               "description": "Something went wrong"
            },
            "201": {
              "description": "Invalid Otp"
            },
            "202": {
              "description": "Your new email already registered."
            },
            "203": {
              "description": "New email not updated."
            }

          }
        }
      },

      "/user/client/created/open/gigs": {
        "post": {
          "summary": "Client created site admin open gig list",
          "tags": [
            "Site-Admin"
          ],
          "description": "Client created site admin open gig list",
          "parameters": [
            {
              "name": "ClientcreatedopenGigsList",
              "in": "body",
              "description": "",
              "schema": {
                "properties": {
                  "page_number": {
                    "type": "number"
                  },
                  "number_of_record": {
                    "type": "number"
                  },
                  "filter_type":{
                    "type":"string",
                    "example":"today, 7_days, 30_days, 3_months, 12_months, custom"
                  },
                  "search_key":{
                    "type": "string"
                  },
                  "from": {
                    "type": "string",
                    "example":"Starting searching date formate like - 2021-11-10"
                  },
                  "to": {
                    "type": "string",
                    "example":"End searching date formate like - 2021-11-30"
                  }
                }
              }
            }
          ],
          "produces": [
            "application/json"
          ],
          "responses": {
            "200": {
              "description": "Client created open gigs."
            },
            "201": {
              "description": "No data found"
            },
            "500": {
              "description": "Somthing went wrong"
            }
          }
        }
      },

      "/user/client/created/ongoing/gigs": {
        "post": {
          "summary": "Client created site admin ongoing gig list",
          "tags": [
            "Site-Admin"
          ],
          "description": "Client created site admin ongoing gig list",
          "parameters": [
            {
              "name": "ongoingGigsList",
              "in": "body",
              "description": "",
              "schema": {
                "properties": {
                  "page_number": {
                    "type": "number"
                  },
                  "number_of_record": {
                    "type": "number"
                  },
                  "filter_type":{
                    "type":"string",
                    "example":"today, 7_days, 30_days, 3_months, 12_months, custom"
                  },
                  "search_key":{
                    "type": "string"
                  },
                  "from": {
                    "type": "string",
                    "example":"Starting searching date formate like - 2021-11-10"
                  },
                  "to": {
                    "type": "string",
                    "example":"End searching date formate like - 2021-11-30"
                  }
                }
              }
            }
          ],
          "produces": [
            "application/json"
          ],
          "responses": {
            "200": {
              "description": "Client created ongoing gigs."
            },
            "201": {
              "description": "No data found"
            },
            "500": {
              "description": "Somthing went wrong"
            }
          }
        }
      },

      "/user/client/created/drafted/gigs": {
        "post": {
          "summary": "Client created site admin drafted gig list",
          "tags": [
            "Site-Admin"
          ],
          "description": "Client created site admin drafted gig list",
          "parameters": [
            {
              "name": "draftedGigsList",
              "in": "body",
              "description": "",
              "schema": {
                "properties": {
                  "page_number": {
                    "type": "number"
                  },
                  "number_of_record": {
                    "type": "number"
                  },
                  "filter_type":{
                    "type":"string",
                    "example":"today, 7_days, 30_days, 3_months, 12_months, custom"
                  },
                  "search_key":{
                    "type": "string"
                  },
                  "from": {
                    "type": "string",
                    "example":"Starting searching date formate like - 2021-11-10"
                  },
                  "to": {
                    "type": "string",
                    "example":"End searching date formate like - 2021-11-30"
                  }
                }
              }
            }
          ],
          "produces": [
            "application/json"
          ],
          "responses": {
            "200": {
              "description": "Client created drafted gigs."
            },
            "201": {
              "description": "No data found"
            },
            "500": {
              "description": "Somthing went wrong"
            }
          }
        }
      },

      "/user/siteadmin/freelancer/hired/list": {
        "post": {
          "summary": "Siteadmin freelancer hired list",
          "tags": [
            "Site-Admin"
          ],
          "description": "Siteadmin freelancer hired list",
          "parameters": [
            {
              "name": "SiteadminfreelancerhiredList",
              "in": "body",
              "description": "",
              "schema": {
                "properties": {
                  "page_number": {
                    "type": "number"
                  },
                  "number_of_record": {
                    "type": "number"
                  },
                  "filter_type":{
                    "type":"string",
                    "example":"today, 7_days, 30_days, 3_months, 12_months, custom"
                  },
                  "search_key":{
                    "type": "string"
                  },
                  "from": {
                    "type": "string",
                    "example":"Starting searching date formate like - 2021-11-10"
                  },
                  "to": {
                    "type": "string",
                    "example":"End searching date formate like - 2021-11-30"
                  }
                }
              }
            }
          ],
          "produces": [
            "application/json"
          ],
          "responses": {
            "200": {
              "description": "Freelancer hired list."
            },
            "201": {
              "description": "Data not found."
            },
            "500": {
              "description": "Somthing went wrong"
            }
          }
        }
      },

      "/user/freelacer/bid/list": {
        "post": {
          "summary": "Freelacer bid list",
          "tags": [
            "Site-Admin"
          ],
          "description": "Freelacer bid list",
          "parameters": [
            {
              "name": "FreelacerbidList",
              "in": "body",
              "description": "",
              "schema": {
                "properties": {
                  "page_number": {
                    "type": "number"
                  },
                  "number_of_record": {
                    "type": "number"
                  },
                  "filter_type":{
                    "type":"string",
                    "example":"today, 7_days, 30_days, 3_months, 12_months, custom"
                  },
                  "search_key":{
                    "type": "string"
                  },
                  "from": {
                    "type": "string",
                    "example":"Starting searching date formate like - 2021-11-10"
                  },
                  "to": {
                    "type": "string",
                    "example":"End searching date formate like - 2021-11-30"
                  }
                }
              }
            }
          ],
          "produces": [
            "application/json"
          ],
          "responses": {
            "200": {
              "description": "Freelacer bid list."
            },
            "201": {
              "description": "No data found"
            },
            "500": {
              "description": "Somthing went wrong"
            }
          }
        }
      },

      "/user/company/address": {
        "get": {
          "summary": "Get company address",
          "tags": [
            "Company"
          ],
          "description": "Get company address",
          "produces": [
            "application/json"
          ],
          "responses": {
            "200": {
              "description": "Company address."
            },
            "201": {
              "description": "Data not found."
            },
            "500": {
              "description": "Something went wroung"
            }
          }
        }
      },

      "/user/siteadmin/client/daily/status/count": {
        "post": {
          "summary": "Client daily status open gig and client create gig count",
          "tags": [
            "Site-Admin"
          ],
          "description": "Client daily status open gig and client create gig count",
          "parameters": [
            {
              "name": "ClientdailyStatus",
              "in": "body",
              "description": "",
              "schema": {
                "properties": {
                  "filter_type":{
                    "type":"string",
                    "example":"today, 7_days, 30_days, 3_months, 12_months, custom, if fliter type noting pass empty object"
                  },
                  "from": {
                    "type": "string",
                    "example":"Starting searching date formate like - 2021-11-10"
                  },
                  "to": {
                    "type": "string",
                    "example":"End searching date formate like - 2021-11-30"
                  }
                }
              }
            }
          ],
          "produces": [
            "application/json"
          ],
          "responses": {
            "200": {
              "description": "Client daily status."
            },
            "500": {
              "description": "Something went wroung"
            }
          }
        }
      },

      "/user/siteadmin/freelancer/daily/status/count": {
        "post": {
          "summary": "freelancer daily status count",
          "tags": [
            "Site-Admin"
          ],
          "description": "Freelacer bid list",
          "parameters": [
            {
              "name": "freelancerdailystatus_saerch",
              "in": "body",
              "description": "",
              "schema": {
                "properties": {
                  "filter_type":{
                    "type":"string",
                    "example":"today, 7_days, 30_days, 3_months, 12_months, custom, if fliter noting type pass empty object"
                  },
                  "from": {
                    "type": "string",
                    "example":"Starting searching date formate like - 2021-11-10"
                  },
                  "to": {
                    "type": "string",
                    "example":"End searching date formate like - 2021-11-30"
                  }
                }
              }
            }
          ],
          "produces": [
            "application/json"
          ],
          "responses": {
            "200": {
              "description": "Search freelancer data"
            },
            "500": {
              "description": "Something went wroung"
            }
          }
        }
      },

      "/user/freelancer/search": {
        "post": {
          "summary": "freelancer search",
          "tags": [
            "Site-Admin"
          ],
          "description": "Freelacer bid list",
          "parameters": [
            {
              "name": "freelancer_saerch",
              "in": "body",
              "description": "",
              "schema": {
                "properties": {
                  "search_type":{
                    "type":"string",
                    "example":"all, skills, people, designation"
                  },
                  "search_str":{
                    "type": "string"
                  },
                  "page_number":{
                    "type":"number"
                  },
                  "number_of_record":{
                    "type":"number"
                  }
                }
              }
            }
          ],
          "produces": [
            "application/json"
          ],
          "responses": {
            "200": {
              "description": "Search freelancer data"
            },
            "201": {
              "description": "Data not found."
            },
            "500": {
              "description": "Something went wroung"
            }
          }
        }
      }

    },

      "definitions": {

        "signup": {
          "properties": {
            "first_name": {
              "type": "string"
            },
            "last_name": {
              "type": "string"
            },
            "password": {
              "type": "string"
            },
            "email": {
              "type": "string"
            },
            "exprience": {
              "type": "string"
            },
            "referral_code": {
              "type": "string"
            },
            "meta":{
              "type":"object"
            }
          }
        },

        "signin": {
          "properties": {
            "email": {
              "type": "string"
            },
            "password": {
              "type": "string"
            }
          }
        },

        "employersignup": {
          "properties": {
            "first_name": {
              "type": "string"
            },
            "last_name": {
              "type": "string"
            },
            "password": {
              "type": "string"
            },
            "email": {
              "type": "string"
            },
            "company_name": {
              "type": "string"
            },
            "referral_code": {
              "type": "string"
            },
            "meta":{
              "type":"object"
            }
          }
        },

        "createAdmin": {
          "properties": {
            "first_name": {
              "type": "string"
            },
            "last_name": {
              "type": "string"
            },
            "email": {
              "type": "string"
            }
          }
        },

        "companyAdminList": {
          "properties": {
            "page": {
              "type": "number"
            },
            "record": {
              "type": "number"
            },
            "search_str": {
              "type": "string"
            }
          }
        },

        "employersignin": {
          "properties": {
            "email": {
              "type": "string"
            },
            "password": {
              "type": "string"
            }
          }
        },

        "verifyOtp": {
          "properties": {
            "otp": {
              "type": "string"
            }
          }
        },

        "employerVerifyOtp": {
          "properties": {
            "otp": {
              "type": "string"
            }
          }
        },

        "basicDetails":{
          "properties": {
            "english_proficiency": {
              "type": "string"
            },
            "country": {
              "type": "string"
            },
            "city": {
              "type": "string"
            },
            "about_me": {
              "type": "string"
            },
            "freelancing_type": {
              "type": "string"
            },
            "rate_per_hour": {
              "type": "number"
            },
            "availibity": {
              "type": "string"
            },
            "resume_url": {
              "type": "string"
            },
            "mobile_number": {
              "type": "string"
            }
          }

        },

        "freelancerexperience":{
          "properties": {
            "expriences": {
              "type": "array",
                "items": [
                  {"type": "string"}
                ],
                "example": [{
                  "company_name": "string" ,
                  "designation": "string",
                  "start_date":"string",
                  "end_date":"string",
                  "present_company":"number",
                  "total_exp_in_month":"number",
                  "job_type":"string",
                  "description": "string"
                }]
            }
          }
        },

        "freelancereducations":{
          "properties": {
            "educations": {
              "type": "array",
                "items": [
                  {"type": "string"}
                ],
                "example": [{
                  "institution_name": "string" ,
                  "specializaion": "string" ,
                  "start_date":"string",
                  "end_date":"string",
                  "currently_studying":"number",
                  "educationQualificationsId":"number"
                }]
            }
          }
        },

        "freelancerlicense":{
          "properties": {
            "license": {
              "type": "array",
                "items": [
                  {"type": "string"}
                ],
                "example": [{
                    "name_of_license": "string",
                    "organisation_name": "string",
                    "url": "string",
                    "start_date":"string",
                    "end_date":"string",
                    "license_staus":"number"
                }]
            },
            "github_url": {
              "type": "string"
            },
            "linkedin_url": {
              "type": "string"
            },
            "other_url": {
              "type": "string"
            }
          }
        },

        "freelancerskills":{
          "properties": {
            "skills": {
              "type": "array",
                "items": [
                  {"type": "string"}
                ],
                "example": [{
                  "skill": "string",
                  "experience_in_month": "number"
                }]
            }
          }
        },

        "searchfreelancer":{
          "properties": {
            "page": {
              "type": "number"
            },
            "record": {
              "type": "number"
            }
          }
        },

        "savefreelancer":{
          "properties": {
            "freelancerId": {
              "type": "number"
            },
            "gig_id":{
              "type": "number"
            },
            "match_score":{
              "type": "number"
            }
          }
        },

        "multiUserdata":{
          "properties": {
            "id": {
              "type": "array",
              "example": [1,2,3]
            }
          }
        },

        "multisavedUsrDataByGigIds":{
          "properties": {
            "gig_ids": {
              "type": "array",
              "example": [1,2,3]
            }
          }
        }


      }


    }
